id;first_name;last_name;password;birth_date;entry_date;is_employed;email
1;Enie;Sack;Account Soft;2021-10-29;2021-10-28;false;Neo71@yahoo.com
2;Till;Dombrowski;Granite leading-edge;2021-10-28;2021-10-29;true;Kira_Franz8@gmail.com
3;Alan;Grundmann;bandwidth-monitored Underpass;2021-10-28;2021-10-28;true;Marla.Barr@gmail.com
4;Yasin;Krippner;indigo Car;2021-10-29;2021-10-28;true;Ronja.Herberger@gmail.com
5;Gerrit;Lipske;Infrastructure Berkshire Plastic;2021-10-29;2021-10-29;false;Svenja_Esenwein53@hotmail.com
6;Tayler;Höcke;Factors;2021-10-28;2021-10-29;false;Eda.Lohre72@gmail.com
7;Romeo;Graf;Identity;2021-10-29;2021-10-28;true;Jaron.Wessel@yahoo.com
8;Lorenzo;Ackermann;Niederlande;2021-10-28;2021-10-29;false;Connor67@gmail.com
9;Marisa;Reimann;Bacon Officer;2021-10-29;2021-10-29;false;Luisa.Ade13@hotmail.com
10;Joscha;Gabler;back Mandatory Baden-Württemberg;2021-10-29;2021-10-29;false;Mathis33@hotmail.com
